Country Code,Country Name,Technology Name,Unit,Data Source,1965,1966,1967,1968,1969,1970,1971,1972,1973,1974,1975,1976,1977,1978,1979,1980,1981,1982,1983,1984,1985,1986,1987,1988,1989,1990,1991,1992,1993,1994,1995,1996,1997,1998,1999,2000,2001,2002,2003,2004,2005,2006,2007,2008,2009,2010,2011,2012,2013,2014,2015,2016,2017,2018,2019,2020,2021
CA,Canada,Oil production,Million tonnes,BP,43.87417766603813,48.21215415141543,52.70113999088007,57.119336169376794,62.21804330107513,70.06788911949293,75.16377318678909,86.71314728535015,100.3146117675754,94.38654778571372,81.5758003986795,75.30462587789414,75.5743214548031,75.18987498636517,86.27456744266982,83.26948491542362,75.36160289983513,74.56414011761726,78.56049301133626,83.8156694179121,85.68522741449189,85.73602093820321,90.29438627437248,95.09496755509483,92.62048090262775,92.7578503182828,93.21450828672137,97.15977824610282,102.2811448725461,106.69214625622024,111.90632276476946,115.45352734672797,120.70414179946053,125.08790392752616,120.99674926592536,125.08584994877907,126.17001862244393,133.0024956346554,140.62878237960774,145.15822210457685,142.6788805867535,150.9983937017697,155.67229095076164,153.23999463632185,153.15251220457202,160.6303789677517,170.13081963427987,182.91294336076422,195.4096225895962,209.77701033853953,216.0744239957687,218.84494084655083,236.6238539112012,257.74506725600276,263.46216233794104,252.02268501178634,267.09646969612965
MX,Mexico,Oil production,Million tonnes,BP,18.053894057433876,18.489541890426842,20.463760935884828,21.90066560774525,22.965008950407174,24.17900688298918,24.10731916395633,25.097617426820964,25.85938910319441,32.41619267327231,40.15469329097647,44.773750850918994,54.365702291808475,66.69230895292843,80.65991100017648,107.18790257923,127.99533948516248,151.01307894007007,147.12454932808913,148.31125028363965,145.85386380253635,136.88176386052493,143.0352204825656,142.69090840329775,143.06522073468975,145.16869884556155,152.8172961019226,153.03168859340352,153.27678807220957,154.17297446599565,150.21331468282958,162.3596822542159,169.61947710434484,173.47418314327987,165.4921913523354,170.32185178933867,175.86720718074753,177.8208610899376,188.20013108482374,190.04268457313566,186.49137726234517,182.54516868217698,172.23128078250082,156.89626169038806,146.66416283951025,145.6005191504213,144.518531227,143.85727785851543,142.09121191028933,137.34392190009075,127.73429453610991,121.51694434732147,109.58459009568948,102.40022374480199,95.00033365613487,95.11122475819839,96.48631856259557
US,US,Oil production,Million tonnes,BP,427.69444187422283,454.53886083980245,484.22163039515146,502.88033200207656,511.3517235871494,533.4898489719784,525.8878497989834,527.8878894686644,514.6522866206279,491.40630301585196,469.77040174938725,457.97983431165414,462.80377728814784,484.2056593041085,476.99132891861535,480.19339543879556,478.79670029216817,480.72324889833266,482.9626485409699,496.1365819435222,498.7051348078572,482.3294815704644,467.2602894034698,459.0619621895713,429.0330896968453,416.6172508602059,422.89670770503085,413.0318660734767,397.0064952190658,387.49936297069866,383.55375478998894,382.0579527291166,379.9500640355431,368.12954108464425,352.6259645896968,347.5808855470317,344.50859540087646,341.90467522057367,332.55429076168076,325.3569839525889,308.9881844768027,304.50318103271314,304.9765500294341,302.2221406917139,322.5863471381723,333.1451106190818,346.42192182650115,395.24508735807655,448.6841342374124,524.6592614043127,567.1228376669691,542.5931494219634,574.1346931123703,669.0559382438486,749.8951282116133,711.5506489307461,711.1246897366179
AR,Argentina,Oil production,Million tonnes,BP,13.764758620689655,14.643965517241378,15.962275862068966,17.48758620689655,18.106758620689657,20.00051724137931,21.570862068965518,22.21803448275862,21.601172413793105,21.144758620689654,20.260551724137933,20.414137931034485,22.061965517241383,23.209862068965514,24.27810344827586,25.26703448275862,25.736379310344827,25.571310344827587,25.667310344827587,25.141758620689654,24.158620689655173,22.868655172413792,22.57258620689655,23.719758620689657,24.229965517241382,25.43655172413793,25.882,29.04044827586207,31.067827586206896,34.510999999999996,37.456931034482764,40.815999999999995,43.385586206896555,44.02806896551724,41.68886435423841,41.347472470874436,43.92917095181867,43.27405411445478,43.094021579079595,41.02583572363433,39.36907666188509,39.43316778169774,38.214468714503084,37.80479419633343,34.04366137041652,33.27852624833703,31.185337295536616,30.840746719979396,30.185947770314694,29.78630492572796,30.045688435394574,28.630796661296593,27.240149041514993,27.542351140786987,28.83483423119775,27.657268517052536,29.066316610250578
BR,Brazil,Oil production,Million tonnes,BP,5.045191279069767,6.159290116279069,7.75085988372093,8.516862558139534,9.289377325581397,8.792737108982042,9.203948290595592,9.028128802452084,9.155847393414701,9.553835165876578,9.310971703441744,9.067629127991264,8.73772901627976,8.688321486313429,9.0005870313537,9.880955109173799,11.54008833940406,14.06219834533911,17.828963160767586,24.9559813815852,29.47046180685475,30.986360499261863,30.826442576756442,30.124096672117584,32.172448131340026,34.127761948563574,33.730057384859755,34.24078598974618,34.94626942865123,36.24005141553211,37.503994192804306,42.53331285422092,45.59616962733032,52.67921048719173,59.49658026454502,67.08903453231576,70.22711259832587,78.60667254219113,81.51497595352441,80.90411730174893,88.98141702753679,94.03551069602236,95.3666845226901,99.11915962831416,105.98588542653965,111.64004555761102,114.02711175693518,112.36653298174832,110.15286817303691,122.4546690168608,132.19289085716412,136.7070634967413,142.64181583403996,140.60316099808094,151.19917060803527,159.34492715727174,156.79244141885692
CO,Colombia,Oil production,Million tonnes,BP,10.654545603821466,10.443867393143256,10.075180524456387,9.25776211374832,11.233910683186545,11.759925138080312,11.675790068169379,10.577425496342737,9.947956311887346,9.073777951933124,8.499447355326668,7.941781131512167,7.467260337363786,7.098573468676917,6.677217047320497,6.801138498283326,7.256582126685577,7.6464730308006175,8.204634074737523,9.019320316465144,9.521372891476341,16.05239742250087,20.361039259590985,19.994312106284518,21.36176076031249,23.373465243568695,22.578194954470817,23.268770980743394,24.03173839379012,24.12090794645967,31.015584863412453,33.360582206299455,34.83770351296213,40.408859954222024,43.705837736975674,36.28311688311688,31.81240981240981,30.443001443001446,28.494227994227998,27.9010303030303,27.712707647907646,27.778381673881675,27.972479365079366,31.036497402597405,35.32037243867244,41.391136940836944,48.20658311688312,49.86257388167388,53.189490471774896,52.16282159649166,52.963155699855704,46.78770947763348,44.98190211226551,45.58449622653811,46.656255394949504,41.251981477633485,38.878025921753085
EC,Ecuador,Oil production,Million tonnes,BP,0.42878120411160064,0.37518355359765054,0.3215859030837005,0.26872246696035246,0.21439060205580032,0.21439060205580032,0.21439060205580032,4.192070484581498,11.201908957415567,9.486784140969164,8.629221732745963,10.103964757709251,9.839835561294244,10.889656438300674,11.532828244468075,11.026980100258243,11.372035292926224,11.372035292926224,12.819171856802877,13.943589974175909,15.223301863385489,15.866473669552889,9.388922223910072,16.501132887741154,15.240399513899439,15.522755633196619,16.3045882576333,17.455699954428074,18.72581591472986,20.601733682718113,20.999049369588334,20.926899255658512,21.084112537343664,20.440940731176266,20.333745430148362,21.592452529241992,21.908640310901816,21.07321003595119,22.466748949313892,28.33270697250494,28.5768811079042,28.774099958124463,27.456051034482762,27.188947794825054,26.114913413337387,26.11605272317586,26.809280549546816,27.098113548954377,28.24277970079498,29.829981578267255,29.10860853450807,29.47304122613804,28.477105596182085,27.72282984772394,28.460511480029375,25.763542077826727,25.344871616299564
PE,Peru,Oil production,Million tonnes,BP,3.39416508805683,3.39416508805683,3.811904716096887,3.979429835725914,3.864122169601894,3.8626915544373737,3.299295989344383,3.4506982191307776,3.754088550145528,4.093859651719205,3.798016452074392,4.0373153075822605,4.796299713876967,7.915040772532189,10.043980400572245,10.244848927038626,10.11249356223176,10.222031044349071,8.934808440629471,9.675212160228899,9.877379685264662,9.306931616595136,8.581585979971388,7.435283261802575,6.845727467811159,6.767501430615165,6.030534334763949,6.087773104434907,6.630477110157368,6.684225321888412,6.394597281831187,6.318316738197425,6.242087262591881,6.029669809086873,5.514563027217163,5.161024457366725,5.0374967376320505,4.8976816215282915,4.731678234279446,4.68982833029165,5.3218443655917245,5.540086126754363,5.485223882309263,5.7012475615174,6.893061577279935,7.277447406050808,6.967823893306708,6.865127182907558,7.314464689006168,7.541427224434436,6.535412008251483,5.84881290936053,5.693445929630868,5.8578061560635275,6.105301899285931,5.466466619653855,5.3050724912080724
TT,Trinidad & Tobago,Oil production,Million tonnes,BP,6.67145979020979,7.562911621960129,8.850564267821731,9.485210312075983,7.775440976933514,6.933514246947083,6.388738127544098,7.002170963364994,8.221166892808684,9.261194029850747,10.697421981004071,10.5280868385346,11.341248303934872,11.390773405698779,10.598371777476256,10.5280868385346,9.360244233378562,8.765943012211668,7.924016282225238,8.442333785617368,8.635691994572591,8.297985828433589,7.613603949947234,7.444814111261872,7.3433619779888435,7.374947987336047,7.244308599775017,6.9489840482900185,6.452685827853738,6.763483355367684,6.7357926857553725,6.675649166753644,6.437474848948729,6.396919293393173,6.644541627526701,6.5723261062418885,6.325405441178017,7.278910814346515,7.668948222300319,7.122356541621346,8.108978298903846,8.181430377646215,7.192500701891024,6.886173547871225,6.802195361340072,6.231785932030466,5.876618874204377,5.182263171131504,5.108392379703779,5.054162689727166,4.824142282860525,4.3313454109723,4.379926799683208,3.9007256726625372,3.6603209881016876,3.431932018982407,3.489987230222063
VE,Venezuela,Oil production,Million tonnes,BP,184.11396184679268,178.78590853267167,187.9250424695123,191.76238398573292,190.80553087321175,197.23806236673084,189.87655608611934,173.8123476098784,181.43453814028422,160.65021554602117,127.09779647889447,124.81268058825809,121.48991737851237,116.97508342917942,127.3682330783181,117.3463300939507,113.61535593578095,102.59502445475417,97.26892520343065,97.6042909137902,91.50404027043676,98.94493703450028,100.25350046953817,105.1950813765653,105.6596974278785,117.7970518947373,131.32541480036014,131.58996040113206,136.1373584320871,144.47936666408205,155.32509364055772,165.17812030343364,171.51917854594504,177.76728102726833,159.06319613968304,160.28740023493364,163.03252807915044,152.69766172528722,147.47643835505562,170.15975040183517,169.40910576668466,171.14271844550188,165.73528977292875,165.84415915412956,155.86256795634364,145.83505492112124,141.50678247413873,139.32499719699229,137.78144472875024,138.51026821843402,147.6188223202213,132.55638923610525,114.09517519177982,83.84323910503457,52.05703825252017,32.70168085794333,33.40847055709388
DK,Denmark,Oil production,Million tonnes,BP,0.0,0.0,0.0,0.0,0.0,0.0,0.0,0.09773030707610147,0.14619492656875835,0.09746328437917222,0.14619492656875835,0.19546061415220295,0.48731642189586116,0.3898531375166889,0.3898531375166889,0.29319092122830437,0.7309746328437917,1.656875834445928,2.0954606141522025,2.2966622162883845,2.923898531375167,3.6061415220293727,4.532042723631508,4.69105473965287,5.4579439252336455,5.89652870493992,6.919893190921228,7.6718291054739645,8.186915887850466,9.015353805073431,9.064085447263016,10.163951935914552,11.208277703604807,11.598130841121495,14.570761014686248,17.738050734312417,16.958611481975968,18.07943925233645,17.93324432576769,19.057409879839785,18.516830000000002,16.83866,15.168849,14.035467,12.902931,12.156576,10.940620000000001,9.979991,8.682906000000001,8.130409,7.689812,6.924374,6.736967,5.6468620000000005,5.017234,3.520207,3.1521100000000004
IT,Italy,Oil production,Million tonnes,BP,2.278,1.85,1.723,1.627,1.5910000000000002,1.502,1.353,1.2100000000000002,1.105,1.104,1.2349999999999999,1.2930000000000001,1.246,1.4889999999999999,1.717,1.7069999999999999,1.4869999999999999,1.7630000000000001,2.241,2.273,2.384,2.558,3.935,4.837,4.604,4.668,4.332000000000001,4.501,4.64,4.895,5.236,5.452,5.957994000000001,5.622957000000001,5.014985,4.585957,4.096535,5.531255,5.5701282,5.444909,6.110702000000001,5.781369999999999,5.859537767,5.2427367600000006,4.573079145,5.105722579999999,5.30891645,5.396411065000001,5.50155569,5.7649333600000014,5.4702053940000015,3.759517016,4.148196880000001,4.6841989,4.27856771,5.393780196000001,4.840299655000001
NO,Norway,Oil production,Million tonnes,BP,0.0,0.0,0.0,0.0,0.0,0.0,0.29278074866310155,1.614705882352941,1.5614973262032086,1.7078877005347592,9.2225935828877,13.651604278074865,14.004679144385026,17.371657754010695,19.499519853395906,25.0496303612354,24.292340709010876,25.231516288333516,31.39764151114991,35.95476672487177,39.21082110116774,43.034049710793404,50.11527742915347,56.979542125941286,74.90908981774528,82.14305149332459,93.84224489795919,106.90070255374877,114.12834247335297,128.58296122994653,138.39968728400447,154.66426841645747,156.227930308487,149.60021067517917,149.6737012987013,160.07367187629546,161.7610201733898,157.3594273925737,153.39312503989575,150.2226283129134,138.43416298548402,128.85196293105946,118.4340142624387,114.4538787222008,108.37522164074971,98.59061174197788,93.3657683733533,87.04501966573385,82.93006989987255,84.9663720558396,87.63652253160824,90.30671485660706,88.8568290867862,83.31837198093851,79.7778106576366,92.0359748658969,93.79625162426231
RO,Romania,Oil production,Million tonnes,BP,12.821,13.075000000000001,13.456,13.535,13.546000000000001,13.677000000000001,14.093000000000002,14.428,14.637,14.836,14.98,15.090000000000002,15.040000000000001,14.114,12.713000000000001,12.001000000000001,12.134,12.232000000000001,12.083,11.943,11.248,10.655,10.033999999999999,9.838999999999999,9.623,8.136,7.008,6.827,6.929,6.974,6.9510000000000005,6.852,6.75,6.553,6.3790000000000004,6.287,6.238,6.072000000000001,5.89,5.705,5.437,4.996,4.745,4.718999999999999,4.498,4.287,4.222,3.9819999999999998,4.131,4.0520000000000005,4.003,3.802,3.6340000000000003,3.5770000000000004,3.567,3.457,3.322
GB,United Kingdom,Oil production,Million tonnes,BP,0.084,0.078,0.089,0.084,0.08499999999999999,0.156,0.21200000000000002,0.333,0.372,0.41000000000000003,1.568,12.169,38.265,54.006,77.85400000000001,80.467,89.48,103.21900000000001,114.96000000000001,126.065,127.61099999999999,127.068,123.351,114.459,91.71,91.60400000000001,91.26,94.25099999999999,100.18900000000001,126.542,129.894,129.741,127.883,132.63299999999998,137.099,126.24501000000001,116.67838,115.94426000000001,106.07293,95.37401,84.72112,76.57784000000001,76.57509,71.78883,68.19854000000001,62.96161,51.97241999999999,44.56082000000001,40.646390000000004,39.92792000000001,45.28773,47.4445782,46.630331000000005,50.87039,51.81770761165355,48.985260000000004,40.86480565317216
AZ,Azerbaijan,Oil production,Million tonnes,BP,0.0,0.0,0.0,0.0,0.0,0.0,0.0,0.0,0.0,0.0,0.0,0.0,0.0,0.0,0.0,0.0,0.0,0.0,0.0,0.0,13.23,13.049999999999999,13.910000000000002,13.74,13.16,12.5,11.773700000000002,11.1957,10.251299999999999,9.562800000000001,9.1617,9.1004,9.027000000000001,11.449,13.850999999999999,14.068999999999999,14.979,15.334,15.378000000000002,15.459000000000001,22.2142,32.2676,43.359899999999996,45.3289,50.8666,51.3173,46.095,43.738299999999995,43.845000000000006,42.5129,42.0199,41.4276,39.0893,39.1983,37.9944,35.0263,35.13879584389735
KZ,Kazakhstan,Oil production,Million tonnes,BP,0.0,0.0,0.0,0.0,0.0,0.0,0.0,0.0,0.0,0.0,0.0,0.0,0.0,0.0,0.0,0.0,0.0,0.0,0.0,0.0,22.66,23.290000000000003,24.06,24.96,25.400000000000002,25.8,26.6,25.799999999999997,23.0,20.312,20.633,22.961000000000002,25.779,25.945,30.131,35.317,40.091,47.271,51.4483,59.501397784601885,61.49319804781751,65.06562377714411,67.18070458433867,70.72734827813117,76.49462715507788,79.68848372450098,80.06405200701909,79.2793914235578,82.30833143233166,81.10911432331653,80.17401131827155,78.58985749067779,86.98012752796666,90.48086970000001,91.04388540000001,85.957182,85.98904024975512
RU,Russian Federation,Oil production,Million tonnes,BP,0.0,0.0,0.0,0.0,0.0,0.0,0.0,0.0,0.0,0.0,0.0,0.0,0.0,0.0,0.0,0.0,0.0,0.0,0.0,0.0,542.306,561.182,569.4810000000001,568.779,552.226,515.891,461.944,398.81,354.875,317.57800000000003,310.74899999999997,302.873,307.41999999999996,304.34000000000003,304.76800000000003,326.6506254920858,351.6795818436638,383.695371,425.713784,463.29091999999997,474.81944500000003,486.254243,497.33095712418503,494.25421411322884,501.36284776779644,512.3156265443749,519.4636585157635,526.7356454828446,532.2235848280378,537.4205868790692,544.5523643644659,558.4790788475791,558.5466969122034,567.8848884355369,573.3888449305367,524.404217284094,536.4458500631617
TM,Turkmenistan,Oil production,Million tonnes,BP,0.0,0.0,0.0,0.0,0.0,0.0,0.0,0.0,0.0,0.0,0.0,0.0,0.0,0.0,0.0,0.0,0.0,0.0,0.0,0.0,6.78,6.5600000000000005,6.47,5.72,5.75,5.7,5.3999999999999995,5.2,4.382,4.192,4.07,4.355,5.368,6.369,7.063000000000001,7.28,7.745,8.21,8.71,9.219999999999999,9.73,9.99,10.27,10.605,10.870000000000001,11.13,11.51,11.99,12.469999999999999,12.85,13.229999999999999,13.180000000000001,13.055,12.509,12.213000000000001,10.40090909090909,11.98409465441498
SU,USSR,Oil production,Million tonnes,BP,242.888,265.1,288.1,309.2,328.3,353.039,377.0,400.4,429.0,458.9,490.801,519.677,545.799,571.531,585.6,603.18,608.82,612.551,616.343,612.7099999999999,0.0,0.0,0.0,0.0,0.0,0.0,0.0,0.0,0.0,0.0,0.0,0.0,0.0,0.0,0.0,0.0,0.0,0.0,0.0,0.0,0.0,0.0,0.0,0.0,0.0,0.0,0.0,0.0,0.0,0.0,0.0,0.0,0.0,0.0,0.0,0.0,0.0
UZ,Uzbekistan,Oil production,Million tonnes,BP,0.0,0.0,0.0,0.0,0.0,0.0,0.0,0.0,0.0,0.0,0.0,0.0,0.0,0.0,0.0,0.0,0.0,0.0,0.0,0.0,2.31,2.5300000000000002,2.67,2.4400000000000004,2.7,2.8,2.8,3.3,4.001,5.517,7.587,7.623,7.891,8.176,8.1,7.536,7.2125,7.2337,7.1687,6.617000000000001,5.449,5.4485,5.155800000000001,4.9185,4.413175000000001,4.037437000000001,3.737178,3.3371000000000004,3.1671810000000002,2.867052,2.72809,2.6154070000000003,2.766624,2.890915,3.0108940000000004,2.7815040000000004,2.7181480000000002
IR,Iran,Oil production,Million tonnes,BP,95.66208791208791,106.89285714285714,130.50755494505495,142.78021978021977,169.26373626373626,192.5869615384615,228.68462637362634,253.71094505494503,295.37708241758236,303.1971978021978,269.4698901098901,296.96620879120877,285.62788461538463,264.82005494505495,160.48516483516482,74.15802197802198,66.15976923076924,120.09243406593407,122.83443956043955,102.51824175824176,110.35109890109891,102.69980769230769,116.72565934065933,117.38324175824175,143.8385384615385,162.78887362637363,174.3708791208791,175.67885714285714,184.29395604395606,184.98450549450547,185.45650549450548,186.64175824175825,186.96266483516482,190.78755494505492,178.1173901098901,191.66522831953506,189.8049629620772,179.12280170016285,202.08981014691636,208.83267209239156,207.87109531211752,210.62175048256233,213.25574666670641,215.42545916435316,207.2192360992301,212.03254105662302,212.5283230242812,180.47879512403762,169.67202457721916,174.04649522932158,180.24293707310653,216.14445039859837,231.94567265187712,219.24608461551222,158.3276802213584,143.24974982684446,167.65809179750082
IQ,Iraq,Oil production,Million tonnes,BP,64.67543859649123,68.5668016194332,60.4885290148448,74.23724696356275,74.92105263157895,76.30026990553306,83.44264507422403,72.40971659919029,99.40215924426451,97.27704453441295,111.70305263157894,119.5254008097166,115.99221997300944,126.57838056680161,171.64923076923077,131.07311740890688,44.50421052631579,48.504089068825905,54.35427800269905,60.538502024291496,69.83889473684211,93.18981511470986,117.25605533063428,136.69924696356276,138.96711875843457,105.30090418353576,13.942914979757084,26.146566801619432,22.33199190283401,24.794879892037784,26.026323886639677,28.566809716599188,57.14442375168691,104.18558434547907,128.27262887989204,128.7955430685467,123.87222532458468,103.87357485224999,66.02450672437061,99.94606868630461,89.9336288333566,98.02145574479967,105.0894214621434,119.3189124668435,119.73745018381497,120.81360514681931,135.80110428591374,151.31515077481504,151.93514321280654,158.80988238168362,195.61587621573827,217.6022782465447,222.38185408722921,227.01244970446362,234.22010561499124,202.0378404076504,200.82936966819327
KW,Kuwait,Oil production,Million tonnes,BP,119.01136187897788,125.55647031442956,126.39234354516955,133.128194015389,140.90796394984326,151.79893359931606,162.5494924954878,167.34923225990312,153.8004386814857,129.87042913460627,106.34989778664387,109.91083260188087,100.77973496722713,108.77969103258289,129.61965502992305,86.83361994870333,58.6239165954213,42.664290728602644,55.00554854184479,60.72708367056141,55.489493397929145,59.395312387194835,52.115009974351665,63.04622057566258,68.41068756530825,46.79678973116748,9.216983328583641,53.95553434026788,96.5819749216301,103.35720290681107,104.88894428612141,105.12589803362782,105.1142373895697,110.00326797758147,102.55634221525601,109.88843223124486,106.53351977899527,98.75987988980718,115.60395867768595,123.28680247933885,130.41107300275482,133.75667741046834,130.02988008658016,136.222567493113,121.02893197382919,123.39558403168046,140.89040495867778,153.96809393939395,151.43032506887053,150.2250272727273,148.24697286501376,152.73432834710746,144.9687685950413,146.84903512396693,143.38189600550967,130.3403371486294,131.0927858155076
OM,Oman,Oil production,Million tonnes,BP,0.0,0.0,2.8229308005427405,11.968249660786974,16.19470827679783,16.442333785617368,14.560379918588874,14.004341926729987,14.510854816824965,14.362279511533243,16.888059701492537,18.22550881953867,16.83853459972863,15.550881953867028,14.609905020352782,14.117106161980068,16.307164413044493,16.703365227155757,19.328195620642866,20.753542553689233,24.789362747391568,27.85991905675385,29.012402330042576,30.92933748186965,32.060245403078646,34.23934988069059,35.31549618677771,37.03761427969869,38.78690696205493,40.45270083750526,42.80719248584663,44.364635287512286,44.90995999625696,44.711859589201325,44.69755974617928,47.02476957076348,46.8952659673868,44.01172996205689,40.224782034303175,38.429546015160994,37.99935987455211,36.17959907051569,34.83783955020759,37.07095912381479,39.659635469901446,42.201626321305824,43.21313424710958,44.999681586623225,46.082194476718215,46.21895836007767,48.03092625061952,49.316164463474685,47.564363230120485,47.824124017907195,47.328159637306115,46.11105220224408,46.824544837055875
QA,Qatar,Oil production,Million tonnes,BP,11.605327438217273,14.494207229704834,16.137880214516723,16.981209317558438,17.731744927061584,18.080402832930773,21.417557074821577,24.073361444303433,28.390715192205345,25.800685034319947,21.766214980690766,24.323085110738116,21.666598436156715,24.10720377724103,25.202985767115624,23.672969378147133,20.6963502681459,16.876113303584834,15.348632046505916,17.147038318254392,15.317823774238889,17.271538120385912,15.271207229704835,17.64720931755844,19.690143461470228,21.12215854041293,20.40303445640753,23.600622180374174,21.813226184140504,21.348335189203205,21.8312261841405,27.104029844025057,33.27295985082458,33.55168796865303,34.27819556924009,40.1792152886893,39.99961902039861,37.332073899601724,43.78618055851828,49.89636123479238,52.55862977000362,56.6895918992439,57.46084223764123,64.50455003915287,62.397078173043525,70.9205337867271,77.74395636532233,79.60188475123317,79.65738710844,79.37924838935035,75.67762479740671,75.11046405914198,73.57104109013488,74.8450328305485,71.8892399052259,72.04344897278024,73.32023668303208
SA,Saudi Arabia,Oil production,Million tonnes,BP,111.02417582417583,130.9688186813187,141.2870879120879,154.2227472527473,162.75089285714287,192.17149725274726,240.7947115384615,304.23247252747257,384.01459478021974,429.6471153846154,359.3369848901099,437.26060219780226,468.3960267857143,424.43944780219783,488.01086607142855,509.8033104395604,506.34725274725275,340.18423741581,240.27947735732008,219.0368598280751,172.07240705866715,252.60011963842607,213.6081309819213,273.3085814516129,271.1730204271535,342.64366913328604,428.345808224034,442.07782258064515,429.31062898794755,432.1858450017724,431.262868720557,437.4357739158242,432.0220021853147,445.29466848461084,408.5259524818635,438.5163799701472,427.6968381906555,390.05309504640286,460.49974768591835,492.78732783110866,516.6281756538145,508.9405428693886,488.93981926787825,509.9741464064297,459.00725300782165,463.3006688487867,522.7005012124175,549.2255463402315,538.4130895329948,543.8235764924387,568.0341772168792,586.7122092094977,559.3193872421472,576.817653188267,556.5640098498974,519.5829020838856,515.0229979082262
SY,Syria,Oil production,Million tonnes,BP,0.0,0.0,0.0,1.0485675306957707,2.639154160982265,4.232605729877217,5.27830832196453,5.842019099590723,5.5272851296043655,6.423601637107776,9.560709413369715,10.036289222373805,9.112551159618008,8.913369713506139,8.315825375170533,7.889222373806276,8.166439290586629,7.718281036834925,8.017053206002728,8.088949522510232,7.932462482946794,9.979072305593453,11.48293315143247,13.371787175989086,16.9356275579809,20.225121418826742,23.46981991814461,25.635143246930422,28.1279931787176,27.985607094133698,29.612058663028648,29.19336834924966,28.666946793997273,28.618151432469304,28.751537517053208,28.096272286776124,29.901341910899937,32.73997800724467,31.550083501905256,23.48967751799407,21.666777414498753,20.32230265324364,19.475781507268195,19.629003387119536,19.326395422684293,18.52966963823681,16.949032008456037,8.078834031142684,2.6864814411723197,1.45994848755704,1.1978360069624123,1.1012541750952627,1.0788101169191198,1.0510343446474497,1.510590541939126,1.964179969892271,4.598420520299197
AE,United Arab Emirates,Oil production,Million tonnes,BP,13.666312856574233,17.43399230463049,18.504245721109193,24.11511211357304,30.402945469019503,37.75427889080536,51.30920790765557,58.40363539869975,74.22037946132413,81.29083189597984,80.57410110123392,94.03252381584186,96.79304099774447,88.64705652116226,88.6562093671222,83.80591375368695,74.08667228850491,64.44244757912249,60.698403670099296,58.14116344495361,55.96009973872486,64.62045217950418,68.19819144783172,72.04597339790368,85.07719514497708,93.15146556475234,106.85157075096191,117.67991582551718,114.36120333278902,115.30879389881711,114.41128228942347,116.91905318378053,117.3075647957257,121.52192044886253,112.02888346975436,121.52335929758704,118.41361296134006,109.01835874719012,126.18966387399763,131.27592478781128,136.55294997644958,145.6560788777734,143.64345610310667,145.2468993361257,129.31317690846785,135.21364415664675,150.4982620389624,156.24555564615363,162.76675015279957,163.3965974775059,176.062452607183,182.3795888216055,176.22433479644175,176.68667610042058,180.54417952302754,166.58274376091555,164.38059428305954
YE,Yemen,Oil production,Million tonnes,BP,0.0,0.0,0.0,0.0,0.0,0.0,0.0,0.0,0.0,0.0,0.0,0.0,0.0,0.0,0.0,0.0,0.0,0.0,0.0,0.0,0.0,0.4783748361730013,1.2437745740498034,8.154652686762779,8.515072083879424,8.706422018348624,9.423984272608125,8.726401048492791,9.895171690694625,16.391231979030145,16.658419397116642,16.917148099606816,17.72516906946265,18.00103145478375,19.16529357798165,20.93836592398427,21.43272005242464,21.550083355176934,21.23088964613368,19.981037011795546,19.785784338138924,18.149379423328963,15.944866055045871,14.797619187418087,14.377825294888599,14.29081762778506,10.164714220183487,8.140715229357799,9.034351048492791,6.903391218872871,2.6072590432503278,1.6104722149410222,2.954849279161206,4.051517955439056,4.075111402359109,3.7673768751711867,2.7597771952817824
DZ,Algeria,Oil production,Million tonnes,BP,26.139312342569273,33.642476070528964,38.64524181360201,42.423748110831234,44.43579345088161,48.31349370277077,36.797659949622165,49.72648110831234,51.6986322418136,47.83411335012593,46.80389924433249,52.229137531486145,55.756234256926945,56.93535390428212,58.086430100755656,51.54245541561713,45.92668513853904,45.69070528967254,44.95342317380353,48.78596221662469,47.06101826196473,48.479248740554155,50.19775629722922,52.575269521410576,54.4848161209068,58.35548992443326,58.693727959697725,56.50141057934509,56.32321158690176,56.07125440806044,55.81125440806045,59.012319899244325,61.56702518891687,61.38579345088161,58.52845906801008,66.787,65.751,70.894,79.005,83.55100000000002,86.43767,86.202,86.48200000000001,84.761008024,77.23400000000001,73.775,71.67500000000001,67.212,64.78399999999999,68.771,67.225,68.417,66.64800000000001,65.33200000000001,64.33,57.516,58.17400000000001
AO,Angola,Oil production,Million tonnes,BP,0.655,0.631,0.537,0.75,2.458,5.065,5.721,7.057,8.175,8.541,7.791,7.564,7.062,6.469,7.2,7.428,7.158,6.41,8.790000000000001,10.074,11.452,13.926,17.506,22.32,22.642,23.38,24.514,27.153000000000002,24.810000000000002,27.424,31.173000000000002,35.364,36.5,36.0,36.7,36.85,36.550000000000004,44.6,42.83272874527665,54.58297533854529,62.43436379310345,68.67886297291636,81.18433669886541,92.29060962134753,86.03681220624505,88.92848385433888,82.03175100384249,85.29585679342587,85.20591952766532,83.27741204318487,88.1626587219973,85.76803662618084,81.60494215789473,74.08543234816197,69.06988983998384,64.22026912662513,56.607403691177794
TD,Chad,Oil production,Million tonnes,BP,0.0,0.0,0.0,0.0,0.0,0.0,0.0,0.0,0.0,0.0,0.0,0.0,0.0,0.0,0.0,0.0,0.0,0.0,0.0,0.0,0.0,0.0,0.0,0.0,0.0,0.0,0.0,0.0,0.0,0.0,0.0,0.0,0.0,0.0,0.0,0.0,0.0,0.0,1.237410071942446,8.83453237410072,9.107913669064748,8.043165467625899,7.53956834532374,6.690647482014389,6.18705035971223,6.402877697841726,5.971223021582734,5.309352517985611,4.759988486662757,4.6638323364976495,5.809218194567082,6.1360103597122295,5.168381007194244,6.066114100719424,6.663367050359711,6.648839280575539,6.117519136690648
CG,Republic of Congo ,Oil production,Million tonnes,BP,0.07100000000000001,0.062,0.05,0.043000000000000003,0.024,0.019,0.014,0.336,2.091,2.455,1.7890000000000001,2.1,1.639,2.43,2.762,3.168,4.101,4.553,5.365,6.025,5.937,5.9510000000000005,6.317,7.038,7.962,8.029,8.054,8.638,9.538,9.562,9.267,10.359,11.586,13.599,13.726990112994352,13.517863822326124,12.544252873563218,12.048804305474382,11.006353496980324,11.47021040327294,12.567326484024933,14.199407486849793,11.484072046074422,12.197761075394505,14.09272804159361,16.041745555717903,15.318330026300409,14.241383895382816,12.323503426358855,12.89146792324177,11.93369117718683,11.887969491525423,13.800196327683617,16.931360169491526,17.226814265536724,15.755473336494575,14.020330508474576
EG,Egypt,Oil production,Million tonnes,BP,6.478,6.257000000000001,5.581,8.577,12.295,16.404,14.952,10.72,8.479000000000001,7.453,11.734,16.61,20.900000000000002,25.19,26.14,29.779999999999998,32.152,33.31400000000001,36.43,41.836,45.067,41.135000000000005,46.248999999999995,44.234,44.52100000000001,45.499,45.418000000000006,45.985,47.527,46.497,46.588,45.08,43.792,42.962,41.361,38.917063473053894,37.60009281437126,37.24056646706587,37.07247904191617,34.84065676646706,33.16728143712575,33.16169661796407,33.809999999999995,34.65437125748503,35.260000000000005,35.03,34.59899138853754,34.72608715966265,34.361052954732756,35.14019728683478,35.431000000000004,33.835,32.178,32.844,31.812,31.06637003036181,29.6013632917264
GQ,Equatorial Guinea,Oil production,Million tonnes,BP,0.0,0.0,0.0,0.0,0.0,0.0,0.0,0.0,0.0,0.0,0.0,0.0,0.0,0.0,0.0,0.0,0.0,0.0,0.0,0.0,0.0,0.0,0.0,0.0,0.0,0.0,0.0,0.09932157394843961,0.24762550881953868,0.24762550881953868,0.3466757123473541,0.8442333785617367,2.971506105834464,4.110583446404342,4.952510176390773,5.696991297431339,9.355035558882703,11.101820053338326,12.722187456136245,16.561701211809293,17.46852348541384,17.245875733410116,17.72976459564284,17.5806557540186,15.641454740242253,14.45514880364707,14.17405064251898,15.16340577217071,13.234748768145312,13.279241392876145,12.104109710969828,10.344194429314207,8.96571501037497,8.122959510200328,7.395199737671633,7.38170022004507,6.432435348979184
GA,Gabon,Oil production,Million tonnes,BP,1.2650000000000001,1.447,3.4450000000000003,4.641,5.027,5.423,5.795,6.303,7.597,10.202,11.315,11.324,11.267,10.6,9.798,8.895,7.652,7.792,7.869,8.73,8.626,8.295,7.729,8.892,10.227,13.493,14.708,14.452,15.223,16.837,17.756,18.25,18.194,16.848,16.975,13.818878248974007,13.082079343365253,12.78248974008208,13.681258549931599,13.668673050615595,13.498014569083447,12.080456429548562,12.260994117647058,11.995066703146374,12.03353071135431,11.643799589603283,11.797938440492477,11.072526402188783,10.65565321477428,10.53082421340629,10.662393980848153,11.047942818057454,10.488931600547193,9.659118331053351,10.876650478796169,10.385137346101232,9.037619699042407
LY,Libya,Oil production,Million tonnes,BP,57.981770833333336,71.66927083333334,82.36263020833334,123.85859375,147.7109375,159.544921875,130.68418469551284,106.81965144230769,104.63260216346154,73.5856670673077,71.5318108974359,93.49203125,99.62555088141026,95.64798677884616,101.0739983974359,88.28723557692308,59.11508413461539,55.39342948717949,54.32957732371795,48.243521634615384,48.391015625,50.19481169871795,47.295723157051285,49.71280048076923,54.88526642628206,67.24203725961539,67.89277844551283,69.6990985576923,66.12188501602564,67.50014022435897,67.89277844551283,68.58614182692307,70.09067508012821,69.5927483974359,66.97881610576923,69.4986050943796,67.05083543699755,64.55393661519679,69.7795904869721,76.52599632547536,81.96635712662152,87.96836914638824,89.58738079358614,88.24221179320232,81.70009226106328,84.58605644483322,24.335327355134755,72.56751240053059,49.35375657364756,24.38371268815179,20.455231033822653,19.326162888253215,43.75532675716467,54.9431983849987,57.81157501657619,20.008481343791264,59.64976361441803
NG,Nigeria,Oil production,Million tonnes,BP,13.506477732793522,20.57004048582996,15.718151147098517,6.9791902834008095,26.61396761133603,53.35107962213225,75.42348178137651,89.68234817813766,101.19021592442647,111.07624831309042,87.83643724696356,102.08416680161943,102.7073056680162,93.44157624831308,113.39111673414304,101.6502024291498,70.91147098515519,63.39473684210526,60.85796221322537,68.55708502024291,73.83245614035087,72.24143049932523,66.38468286099865,68.28619892037787,86.97442645074224,87.48675641025642,96.08875393612236,99.71153846153845,98.42866171839856,94.27509964012596,95.06094152046784,96.41393279352226,96.54016846603689,98.91972874493926,92.33547683310842,106.5481946205094,105.29668601376859,95.0115602333487,112.17780199345734,121.66510318249371,121.14382420651191,115.54593803976836,107.15865729556364,105.70343658449922,106.84860022600316,122.02088570406053,118.33907228172671,116.36219572797621,109.37219456106186,109.20375465245391,105.65572640188593,91.26820646936231,94.44438911204496,96.31794542270964,101.10782751499,88.42119941450314,77.92871310301715
SS,South Sudan,Oil production,Million tonnes,BP,0.0,0.0,0.0,0.0,0.0,0.0,0.0,0.0,0.0,0.0,0.0,0.0,0.0,0.0,0.0,0.0,0.0,0.0,0.0,0.0,0.0,0.0,0.0,0.0,0.0,0.0,0.0,0.0,0.0,0.0,0.0,0.0,0.0,0.0,0.0,0.0,0.0,0.0,0.0,0.0,0.0,0.0,0.0,0.0,0.0,0.0,0.0,1.5331991902834006,4.912417273954117,7.652271794871794,7.2772282074015795,6.751573846153846,7.250766869095817,7.107697705802968,8.448493927125506,8.126227202010059,7.515699471539331
SD,Sudan,Oil production,Million tonnes,BP,0.0,0.0,0.0,0.0,0.0,0.0,0.0,0.0,0.0,0.0,0.0,0.0,0.0,0.0,0.0,0.0,0.0,0.0,0.0,0.0,0.0,0.0,0.0,0.0,0.0,0.0,0.0,0.0,0.09851551956815115,0.09851551956815115,0.09851551956815115,0.24696356275303644,0.4433198380566802,0.5910931174089069,3.103238866396761,8.847810661268557,10.295271794871796,11.633918893387316,12.911952091767882,14.380059353576247,14.466039306342783,17.543685638326583,23.797195141700406,22.570072064777328,23.407901349527663,22.760577192982456,14.334119973009447,5.092759109311741,5.805194466936571,5.891449730094466,5.372157489878542,4.153085065119591,3.4487341238361147,3.654911817864273,3.5548304618027826,3.129927965338986,3.156697918274788
TN,Tunisia,Oil production,Million tonnes,BP,0.0,0.771,2.241,3.1910000000000003,3.7070000000000003,4.151,4.109,3.977,3.878,4.139,4.609,3.71,4.304,4.944,5.5360000000000005,5.627,5.407,5.146,5.532,5.48,5.408,5.25,5.007,4.936,4.960000000000001,4.7404,5.444299999999999,5.4541,4.9362,4.5591,4.443700000000001,4.4071,4.157,4.0804,4.198600000000001,3.662,3.349,3.486,3.17,3.343,3.402,3.262,4.546,4.154,3.914,3.8339999999999996,3.413,3.4090000000000003,3.128,2.9030000000000005,2.627,2.5060000000000002,2.117,2.048,1.879,1.7366213380000002,2.120538206
AU,Australia,Oil production,Million tonnes,BP,0.3462059620596206,0.4451219512195122,1.038617886178862,1.9341463414634148,2.225609756097561,8.70460704607046,15.25540370058873,16.28000560695262,20.394430427062893,20.178605971404544,21.621841416690028,22.140930754135127,23.42475586393795,23.190853658536586,23.276296607793665,21.838752453041774,21.271030744790206,20.97428277731053,20.416771797028314,26.4831818740917,30.68281018642179,27.412586598817686,29.137750305872054,27.65333773746527,26.081922680438698,30.275085388150192,28.613046251597474,28.198353369869565,26.301506669367647,28.318066488001843,26.66500505354354,28.065861859261027,29.78808112070766,28.20511710799976,27.471823366867373,37.09170611655387,34.320505297600015,34.107292575277754,29.522829153295447,25.783251243718276,25.327277748938506,23.126151957681387,24.629933221979908,24.566362465935057,24.112552393411477,24.637418100838012,21.41118722614815,21.184009592158272,17.610374950003585,18.60463587056147,16.803169660200037,15.352201024641877,13.90081155872462,14.63510970936375,19.08400003078636,19.060328083171456,18.13383854855619
BN,Brunei,Oil production,Million tonnes,BP,3.964974114441417,4.7606144414168945,5.158434604904633,6.070114986376022,6.1529850136239785,6.749715258855587,6.401622615803816,9.061940599455042,11.434147138964578,9.740228882833788,9.166771117166212,10.621479564032697,11.102961852861034,11.736192098092642,12.740787465940056,11.715291008174386,8.464220708446867,8.676358310626703,8.738850065276063,8.42008484023488,8.17674878895642,8.061021171003643,7.564822638694908,7.3263172315705924,7.298664597999034,7.397871698125159,8.004042246333332,8.922774708185724,8.541581385911643,8.740584173305104,8.540513728870843,8.082527017770696,7.960596537307682,7.662329703439619,8.913224879984268,9.484795380481206,9.951288754155613,10.288378243179485,10.49401329785881,10.322883414878989,10.092822429622121,10.807330985145725,9.495547397072906,8.559873564201746,8.222534983407616,8.425136451503944,8.083626503168684,7.787650570467716,6.576116905665375,6.153485777989352,6.177046502831504,5.89813514897657,5.4875750097076805,5.4125766764537815,5.901085382140065,5.378891056144251,5.204629217626832
CN,China,Oil production,Million tonnes,BP,11.31,14.55,13.88,15.99,21.740000000000002,30.650000000000002,39.410000000000004,45.67,53.61,64.85,77.06,87.16,93.64,104.05,106.15,105.95,101.22,102.12,106.07000000000001,114.61,124.9,130.69,134.14000000000001,137.05,137.64000000000001,138.31,140.99,142.04,144.03,146.08,149.02,158.52,160.13,160.18,160.22,162.62,164.83,166.866,169.585,174.05100000000002,181.3529,184.7657,186.31820000000002,190.4396,189.49,203.014,202.87550000000002,207.478,209.959285,211.429,214.56,199.685,191.506,189.324,191.628,194.769,198.881
IN,India,Oil production,Million tonnes,BP,3.0220000000000002,4.647,5.667,5.853,6.723,6.809,7.1850000000000005,7.373,7.198,7.49,8.283,8.659,10.185,11.271,12.839,9.399000000000001,14.975000000000001,19.881,25.355999999999998,28.194,30.201999999999998,31.622,30.684,32.286,34.449000000000005,34.171,32.18,29.186000000000003,27.875,32.378,36.647,34.8,35.585,34.695,34.614,34.164,34.177,35.242000000000004,35.388,36.335,34.925000000000004,36.045,36.44100000000001,37.793,37.9979,41.27000700000001,42.880309000000004,42.548619,42.47062,41.64047212845862,41.17200576074207,40.222857867006326,40.437704482179406,39.547647929311104,37.48673713808825,35.14894363597124,33.997748587755794
ID,Indonesia,Oil production,Million tonnes,BP,24.53526970954357,23.929460580912863,25.746887966804977,30.322821576763484,32.410788381742734,43.1134163208852,45.03181189488243,54.72282157676348,67.54771784232365,69.41562932226832,65.93222683264177,76.1261438450899,84.9366274781005,82.10463808206546,79.54492623328723,79.03507607192253,79.96209313047486,66.58380820654679,70.68378976486859,74.89247579529736,66.33980175195943,70.3697264749368,69.82433578162508,67.28974674488481,71.63032590896805,74.43352486446955,81.00554712961637,76.730357180331,76.85102824279423,76.94038799065197,76.45456272555286,76.7262899317976,75.71113801847346,74.20052046072398,68.60419615745377,71.8102576118298,68.1748786772435,63.32870564811651,57.64736604824669,55.55009843592872,53.71537531527134,50.225912693016845,47.83466864900333,49.42713326279391,48.40740194133919,48.6225343920755,46.30669026263119,44.582840324383696,42.36476958790985,40.96207119461394,40.5796839044016,42.64898845352976,40.94727993751525,39.49271652440259,38.15867660524385,36.36855324337709,33.772667743764906
MY,Malaysia,Oil production,Million tonnes,BP,0.04777486910994764,0.04777486910994764,0.04777486910994764,0.19162303664921465,0.42997382198952877,0.8599476439790575,3.296465968586387,4.45523560209424,4.347513089005235,3.869764397905759,4.681937172774869,8.000261780104712,8.742801047120418,10.31937172774869,13.472513089005234,13.22198952879581,12.373691099476439,14.523560209424081,18.393324607329845,21.36596858638743,21.259816753926703,23.887434554973822,23.600785340314136,25.724328097731235,27.973353694008143,29.549924374636415,30.77041303083188,31.26415008726003,30.57655322862129,31.1137550901687,33.32307737056428,33.79378708551483,33.49761489237929,34.02313845258871,32.413231529959276,33.55147904622685,32.585984005304,34.21827425388416,35.413845382002755,36.30706347701236,34.15353668824727,32.175255714040226,33.333367167279334,33.58728949067078,31.800952819867724,33.07030610037234,29.66452199508839,30.0695435549568,28.71457785995974,29.79668164807184,32.18868234836324,33.30307774171408,32.85462427475992,32.52998475515802,30.561274795622012,28.05243505905726,25.92425755842993
TH,Thailand,Oil production,Million tonnes,BP,0.0,0.0,0.0,0.0,0.0,0.0,0.0,0.0,0.0,0.0,0.0,0.0,0.0,0.0,0.0,0.0,0.06696149400375667,0.24135038289264554,0.5849862014159803,1.061997294276002,2.010137734887718,1.9746828907672302,1.8146382268458316,2.0791478517555264,2.0481019726918075,2.439487442421615,2.8233982548764627,3.3023940762895534,3.393715905216009,3.416491278716949,3.320639384482011,3.776336571304725,4.289972292009826,4.461832919375813,4.85924169845398,7.130647187801658,7.781751023881071,8.549602757065697,9.981844232914318,9.76832363502384,11.92866209955209,12.988930209651786,13.701247206906517,14.468808778066753,14.98729199277561,15.229754608438089,15.814807542118192,17.271433129172085,17.094548839474065,16.886905907961278,17.598206252131195,18.12782356913741,17.562978090882822,16.96680726946973,16.92756472879642,15.13625645990464,13.948694926600202
VN,Vietnam,Oil production,Million tonnes,BP,0.0,0.0,0.0,0.0,0.0,0.0,0.0,0.0,0.0,0.0,0.0,0.0,0.0,0.0,0.0,0.0,0.0,0.0,0.0,0.0,0.0,0.0,0.28,0.6900000000000001,1.49,2.7,3.96,5.49,6.3,7.1000000000000005,7.62,8.803,10.09,12.5,15.217,16.548000000000002,17.097,17.212,18.055,20.414,18.889000000000003,17.145,16.201,15.164,16.618,15.256,15.429,16.9942,16.9118,15.853000000000002,17.169,15.511000000000001,13.85,12.41,11.442200000000001,10.023900000000001,9.342979849624061
